X,Y
0.0,7.982744357256281
0.01001001001001001,9.114655156668611
0.02002002002002002,7.073146442427991
0.03003003003003003,6.405553543717252
0.04004004004004004,6.800307723926995
0.050050050050050046,8.341184376171721
0.06006006006006006,7.12751576089605
0.07007007007007007,4.346919011464278
0.08008008008008008,7.5505702958653425
0.09009009009009009,7.652054242149401
0.10010010010010009,7.264958892637862
0.11011011011011011,9.592570168309372
0.12012012012012012,7.502189455602344
0.13013013013013014,6.39959562905186
0.14014014014014015,8.998454811728061
0.15015015015015015,8.18063058444535
0.16016016016016016,7.170538875464921
0.17017017017017017,7.3655811500506045
0.18018018018018017,8.399649843484228
0.19019019019019018,7.743679296943386
0.20020020020020018,6.3444566774014595
0.21021021021021022,6.817138165075091
0.22022022022022023,6.389072877351328
0.23023023023023023,6.412745909953346
0.24024024024024024,8.054932714756882
0.2502502502502503,7.784089425770788
0.2602602602602603,6.694475394720235
0.2702702702702703,8.329929168486805
0.2802802802802803,7.5461337373146895
0.2902902902902903,6.1229704961149825
0.3003003003003003,7.094347001425731
0.3103103103103103,9.012934275496903
0.3203203203203203,9.023768024106962
0.3303303303303303,8.664872033804585
0.34034034034034033,8.51484927041548
0.35035035035035034,6.512539838739656
0.36036036036036034,6.431434214601815
0.37037037037037035,6.949380252114781
0.38038038038038036,6.477976336410147
0.39039039039039036,8.27351554195132
0.40040040040040037,7.294283436987519
0.41041041041041043,7.430843900680809
0.42042042042042044,7.652223660978578
0.43043043043043044,8.922258497636554
0.44044044044044045,8.599163711087924
0.45045045045045046,8.286552237648992
0.46046046046046046,7.2708047851854305
0.47047047047047047,7.606465085147122
0.4804804804804805,7.047173668747865
0.4904904904904905,8.792966123461143
0.5005005005005005,9.201293519963658
0.5105105105105106,8.122093719835979
0.5205205205205206,7.300559691575793
0.5305305305305306,9.931593004782947
0.5405405405405406,9.203171960174094
0.5505505505505506,8.38533966961964
0.5605605605605606,8.703600421947277
0.5705705705705706,8.418897377547799
0.5805805805805806,7.7349151741221265
0.5905905905905906,8.888152448663325
0.6006006006006006,9.614517702868934
0.6106106106106106,8.678005455218965
0.6206206206206206,8.870923764131527
0.6306306306306306,7.7258401784086645
0.6406406406406406,7.571052753003604
0.6506506506506506,9.931625351232013
0.6606606606606606,10.764075340947716
0.6706706706706707,10.1956923642022
0.6806806806806807,8.158000020089226
0.6906906906906907,7.554850478875161
0.7007007007007007,8.80461923976986
0.7107107107107107,8.355783729079679
0.7207207207207207,9.055427648236535
0.7307307307307307,10.513044823773427
0.7407407407407407,7.76016923135469
0.7507507507507507,7.772469420971138
0.7607607607607607,9.326263141233746
0.7707707707707707,9.472627255553597
0.7807807807807807,8.222505440161122
0.7907907907907907,10.206245009438405
0.8008008008008007,9.307935278226662
0.8108108108108109,9.07628499395313
0.8208208208208209,8.803482248452854
0.8308308308308309,9.541780109655324
0.8408408408408409,8.173053086502161
0.8508508508508509,9.060446495924236
0.8608608608608609,7.371916991393689
0.8708708708708709,8.7035856023922
0.8808808808808809,9.079346348590006
0.8908908908908909,8.918960053741655
0.9009009009009009,9.643707499918957
0.9109109109109109,7.160667348016676
0.9209209209209209,9.521190930876742
0.9309309309309309,11.381438651531083
0.9409409409409409,9.15712621145435
0.950950950950951,8.0153787258371
0.960960960960961,7.537263353731366
0.970970970970971,9.121348980127092
0.980980980980981,9.317455144566175
0.990990990990991,9.529715927780824
1.001001001001001,8.397618143287596
1.011011011011011,9.390599999808657
1.021021021021021,9.397649487121658
1.031031031031031,9.610674048899064
1.0410410410410411,8.695498126056675
1.0510510510510511,9.922231103470155
1.0610610610610611,9.574216668596796
1.0710710710710711,8.536827831287898
1.0810810810810811,9.856557425327633
1.0910910910910911,9.182762765579694
1.1011011011011012,10.366560958292588
1.1111111111111112,8.921056642652472
1.1211211211211212,10.458845876963732
1.1311311311311312,6.841170613360123
1.1411411411411412,9.774805272749221
1.1511511511511512,9.530199536983545
1.1611611611611612,9.295582744850167
1.1711711711711712,9.919098633582488
1.1811811811811812,7.723077818887762
1.1911911911911912,9.02456784108614
1.2012012012012012,9.412757515567787
1.2112112112112112,9.295267809743043
1.2212212212212212,9.74676021947855
1.2312312312312312,10.97639141581776
1.2412412412412412,7.726497188608816
1.2512512512512513,10.035557431016832
1.2612612612612613,10.60807384017925
1.2712712712712713,9.523167533420652
1.2812812812812813,7.89219714344062
1.2912912912912913,9.794401970596821
1.3013013013013013,10.037805871429617
1.3113113113113113,9.36559518897591
1.3213213213213213,9.37563138222977
1.3313313313313313,8.379752361878571
1.3413413413413413,8.446159494350386
1.3513513513513513,8.080357792457049
1.3613613613613613,8.502852558235341
1.3713713713713713,9.461332397619694
1.3813813813813813,10.051166818157634
1.3913913913913913,10.163713029642478
1.4014014014014013,10.386411215920294
1.4114114114114114,11.15362746853294
1.4214214214214214,9.602610019297819
1.4314314314314314,10.4986562410029
1.4414414414414414,10.18868161523714
1.4514514514514514,9.932186277672061
1.4614614614614614,9.247719520822862
1.4714714714714714,8.872000405999174
1.4814814814814814,8.94686889315443
1.4914914914914914,8.323113952327873
1.5015015015015014,9.177753947534498
1.5115115115115114,8.63164701171266
1.5215215215215214,9.510989340714715
1.5315315315315314,8.590525831245145
1.5415415415415414,10.892438978007206
1.5515515515515514,9.927138075135746
1.5615615615615615,9.693164044008498
1.5715715715715715,8.591677265352304
1.5815815815815815,11.262397860337591
1.5915915915915915,11.876289990791559
1.6016016016016015,9.851763093236372
1.6116116116116117,10.129280420038363
1.6216216216216217,10.211924197560947
1.6316316316316317,9.995911043603307
1.6416416416416417,11.438873176815177
1.6516516516516517,9.873797251709563
1.6616616616616617,8.438585660466707
1.6716716716716717,9.844801745427329
1.6816816816816818,10.284497100101385
1.6916916916916918,9.885420677005978
1.7017017017017018,8.480770151002012
1.7117117117117118,9.586913880147918
1.7217217217217218,10.249803399962023
1.7317317317317318,10.348908878067048
1.7417417417417418,8.874505394808226
1.7517517517517518,9.307052153539603
1.7617617617617618,9.489359223253677
1.7717717717717718,11.613796935895664
1.7817817817817818,8.995121879936226
1.7917917917917918,10.160839582206192
1.8018018018018018,10.775981400783309
1.8118118118118118,10.44032080754867
1.8218218218218218,13.225989909964092
1.8318318318318318,11.423917055443663
1.8418418418418419,10.934525240220324
1.8518518518518519,10.22883770230587
1.8618618618618619,9.315892244636899
1.8718718718718719,9.795046567425937
1.8818818818818819,10.811999318289047
1.8918918918918919,10.417260177176132
1.901901901901902,10.517965146628702
1.911911911911912,10.165142640148398
1.921921921921922,10.491381307062001
1.931931931931932,9.771339890994962
1.941941941941942,10.170521001737061
1.951951951951952,10.22376819337548
1.961961961961962,11.227319459115458
1.971971971971972,9.38914056638075
1.981981981981982,9.974411945054278
1.991991991991992,11.562899997542639
2.002002002002002,12.527118492862472
2.012012012012012,13.232030799238336
2.022022022022022,10.33981970521264
2.032032032032032,11.094620047628707
2.042042042042042,12.273350606852697
2.052052052052052,10.430663520294313
2.062062062062062,11.019249980817897
2.0720720720720722,12.566418422163451
2.0820820820820822,10.10638512300191
2.0920920920920922,10.979526803066756
2.1021021021021022,11.904271647697165
2.1121121121121122,9.0343975183535
2.1221221221221223,11.100243506359742
2.1321321321321323,11.43983210557048
2.1421421421421423,11.242294431041577
2.1521521521521523,11.570497786139086
2.1621621621621623,11.995268123230707
2.1721721721721723,10.667813635176564
2.1821821821821823,10.26672507475816
2.1921921921921923,10.485339181399471
2.2022022022022023,10.73342364755028
2.2122122122122123,11.688580115644353
2.2222222222222223,11.47277683806794
2.2322322322322323,11.912912261902255
2.2422422422422423,10.789485715434491
2.2522522522522523,12.01535189603451
2.2622622622622623,11.375771102682576
2.2722722722722724,9.636413023600086
2.2822822822822824,11.285928672807053
2.2922922922922924,11.148882342509113
2.3023023023023024,10.798783723348086
2.3123123123123124,10.48103901569897
2.3223223223223224,13.021887337937883
2.3323323323323324,13.936399035033801
2.3423423423423424,12.512901657729024
2.3523523523523524,11.343355891244183
2.3623623623623624,12.13757476445511
2.3723723723723724,12.205169271170984
2.3823823823823824,13.012916631641865
2.3923923923923924,13.176917644620131
2.4024024024024024,11.36236636898429
2.4124124124124124,12.741180016104392
2.4224224224224224,13.739518895148208
2.4324324324324325,9.405395466064544
2.4424424424424425,12.417170739162948
2.4524524524524525,11.794663232801039
2.4624624624624625,12.535939213700024
2.4724724724724725,12.53696247281091
2.4824824824824825,11.826416963956797
2.4924924924924925,12.17031178284191
2.5025025025025025,13.66471916083471
2.5125125125125125,11.998763492106345
2.5225225225225225,11.624691517911879
2.5325325325325325,10.711739551453492
2.5425425425425425,11.805291674389782
2.5525525525525525,11.64264114346247
2.5625625625625625,11.578923346294811
2.5725725725725725,11.90391815522424
2.5825825825825826,12.327852984727935
2.5925925925925926,11.718040424637827
2.6026026026026026,12.5984661699963
2.6126126126126126,11.62733248326219
2.6226226226226226,13.076840549457557
2.6326326326326326,13.286259408014299
2.6426426426426426,11.98897010083903
2.6526526526526526,11.804417534340114
2.6626626626626626,10.09577367465733
2.6726726726726726,12.210768330320729
2.6826826826826826,12.564838904286072
2.6926926926926926,12.980991579838628
2.7027027027027026,10.54813126695826
2.7127127127127126,13.358243527560566
2.7227227227227226,12.865427611990702
2.7327327327327327,13.8614587291018
2.7427427427427427,13.179581991199964
2.7527527527527527,11.461714138885702
2.7627627627627627,11.97203628021964
2.7727727727727727,12.131482022218558
2.7827827827827827,11.941744781368584
2.7927927927927927,13.014640445910496
2.8028028028028027,13.060517673229771
2.8128128128128127,11.837216587131497
2.8228228228228227,11.48244422148696
2.8328328328328327,12.68004953185465
2.8428428428428427,12.98567021807235
2.8528528528528527,15.400472366680468
2.8628628628628627,13.315920210256195
2.8728728728728727,13.21243014424366
2.8828828828828827,13.292353736282676
2.8928928928928928,11.83785767609358
2.9029029029029028,13.101102712824694
2.9129129129129128,10.960884642983256
2.9229229229229228,14.04643155141638
2.932932932932933,14.765912942178824
2.942942942942943,13.086600500202698
2.952952952952953,14.522587683967155
2.962962962962963,14.517657704049656
2.972972972972973,11.623434751659275
2.982982982982983,12.8513235693671
2.992992992992993,13.583312145155935
3.003003003003003,13.195914045933387
3.013013013013013,13.177134204553793
3.023023023023023,11.030756332909526
3.033033033033033,12.443763270411317
3.043043043043043,13.935945073052425
3.053053053053053,13.66380211512868
3.063063063063063,12.567576253746724
3.073073073073073,13.178253138854434
3.083083083083083,14.30804680080676
3.093093093093093,12.727704219827308
3.103103103103103,14.249893885598103
3.113113113113113,14.026421246807312
3.123123123123123,13.183691039709872
3.133133133133133,13.062992462569598
3.143143143143143,15.334968021403096
3.153153153153153,13.69194258114431
3.163163163163163,13.898704430938038
3.173173173173173,12.340634401567339
3.183183183183183,12.15853604057449
3.193193193193193,14.641076245462953
3.203203203203203,12.752846039659806
3.2132132132132134,12.951071406228248
3.2232232232232234,12.99166480710729
3.2332332332332334,12.927245592639684
3.2432432432432434,11.978670699309271
3.2532532532532534,13.858885954111177
3.2632632632632634,12.208773656593019
3.2732732732732734,13.887374737918288
3.2832832832832834,13.597517613599875
3.2932932932932935,12.784517118328111
3.3033033033033035,14.701114147645656
3.3133133133133135,15.151496123598335
3.3233233233233235,14.760467709934943
3.3333333333333335,14.085136454004047
3.3433433433433435,11.096922164333835
3.3533533533533535,14.083264142472864
3.3633633633633635,15.46180739554583
3.3733733733733735,12.316835123849017
3.3833833833833835,12.848821165211344
3.3933933933933935,15.22043776066649
3.4034034034034035,13.689592512968016
3.4134134134134135,12.944139406377571
3.4234234234234235,14.440459602026019
3.4334334334334335,13.37176548547208
3.4434434434434436,13.804439462629526
3.4534534534534536,14.50595244890336
3.4634634634634636,13.006990868296121
3.4734734734734736,12.817791632807264
3.4834834834834836,12.850680515349676
3.4934934934934936,13.54492417121446
3.5035035035035036,12.155084004255574
3.5135135135135136,14.43247131667242
3.5235235235235236,13.076730584416454
3.5335335335335336,13.626683235653731
3.5435435435435436,12.688283362073665
3.5535535535535536,15.351767253602032
3.5635635635635636,15.592414357818093
3.5735735735735736,11.486207478556757
3.5835835835835836,12.970656162297344
3.5935935935935936,14.123947459026486
3.6036036036036037,13.415504411947268
3.6136136136136137,13.740994162737518
3.6236236236236237,15.67336903717536
3.6336336336336337,13.187978479587791
3.6436436436436437,13.330413368075144
3.6536536536536537,13.105922682464696
3.6636636636636637,13.08970806125152
3.6736736736736737,13.59148591469874
3.6836836836836837,14.587831242865912
3.6936936936936937,14.735793454372578
3.7037037037037037,13.120892416529756
3.7137137137137137,16.16320167901055
3.7237237237237237,14.381689868451693
3.7337337337337337,13.781845458474386
3.7437437437437437,13.076972145610299
3.7537537537537538,12.743113392234797
3.7637637637637638,15.329158538982224
3.7737737737737738,15.146188388621951
3.7837837837837838,14.80405423622362
3.793793793793794,14.36061877154044
3.803803803803804,14.90086051864374
3.813813813813814,14.927817082118558
3.823823823823824,13.768225931064613
3.833833833833834,16.04964256889466
3.843843843843844,14.738138192669735
3.853853853853854,16.91209084480533
3.863863863863864,16.251328711305966
3.873873873873874,14.142236808731713
3.883883883883884,13.454192883026105
3.893893893893894,14.301119922747805
3.903903903903904,15.977812708978032
3.913913913913914,15.822881863350254
3.923923923923924,16.087603364653926
3.933933933933934,16.32272840366247
3.943943943943944,16.897597964003314
3.953953953953954,15.12521923646688
3.963963963963964,15.451305679239235
3.973973973973974,15.453280007595438
3.983983983983984,16.706951438924655
3.993993993993994,15.066804792177798
4.004004004004004,15.722761909335075
4.014014014014014,14.867672966668694
4.024024024024024,15.508027543306921
4.034034034034034,17.71413190527465
4.044044044044044,15.130436349502316
4.054054054054054,15.014390157648434
4.064064064064064,14.910153372093577
4.074074074074074,15.8048131635986
4.084084084084084,16.642702824200498
4.094094094094094,14.555434556907944
4.104104104104104,15.244568614594218
4.114114114114114,14.590943142844619
4.124124124124124,16.342914654391794
4.134134134134134,14.653171927903124
4.1441441441441444,15.636770910620346
4.1541541541541545,14.533602223312148
4.1641641641641645,15.879564372874272
4.1741741741741745,14.710901649539622
4.1841841841841845,16.092576574641395
4.1941941941941945,13.844927570168238
4.2042042042042045,15.34375326395827
4.2142142142142145,14.721536224254411
4.2242242242242245,14.392540821039631
4.2342342342342345,16.2662127604377
4.2442442442442445,16.3073339839052
4.2542542542542545,15.26371045879348
4.2642642642642645,15.245933720431042
4.2742742742742745,17.536950898081823
4.2842842842842845,17.02490166904893
4.2942942942942945,16.71895294901887
4.3043043043043046,15.113773923342922
4.314314314314315,16.482450666388893
4.324324324324325,16.940855601507433
4.334334334334335,14.456793992786384
4.344344344344345,14.636745039811741
4.354354354354355,15.223913078491828
4.364364364364365,15.654588568213619
4.374374374374375,14.622560760801548
4.384384384384385,15.803229132144864
4.394394394394395,16.341430812823834
4.404404404404405,15.676874090185589
4.414414414414415,15.15039301026373
4.424424424424425,15.417977271697216
4.434434434434435,15.82616112137801
4.444444444444445,17.937383301482342
4.454454454454455,17.28412678744167
4.464464464464465,16.50613263849654
4.474474474474475,16.556890875662663
4.484484484484485,15.56026087869006
4.494494494494495,13.831569091001189
4.504504504504505,15.363749535820327
4.514514514514515,14.932681766363984
4.524524524524525,16.19554516591913
4.534534534534535,17.629913463383556
4.544544544544545,14.59311496491285
4.554554554554555,19.194069222178605
4.564564564564565,17.376981425900304
4.574574574574575,15.895468808625525
4.584584584584585,15.927764775396923
4.594594594594595,17.021501452237008
4.604604604604605,15.953390864611372
4.614614614614615,17.02948300601073
4.624624624624625,15.872839591585885
4.634634634634635,15.980613298856486
4.644644644644645,14.94504682155912
4.654654654654655,16.84799409671145
4.664664664664665,17.201550440259602
4.674674674674675,16.210045748600336
4.684684684684685,14.793377257663613
4.694694694694695,17.710775953794453
4.704704704704705,15.896315401432535
4.714714714714715,16.23538557756433
4.724724724724725,15.130614415732198
4.734734734734735,18.445239483495474
4.744744744744745,16.130649196178585
4.754754754754755,15.25992444370648
4.764764764764765,17.422557203762565
4.774774774774775,15.66612490794356
4.784784784784785,17.949761822049965
4.794794794794795,18.199496959629997
4.804804804804805,17.5381237721461
4.814814814814815,15.923170724501084
4.824824824824825,16.718835065853792
4.834834834834835,17.495178408140053
4.844844844844845,16.916034902341327
4.854854854854855,16.13427281010404
4.864864864864865,17.158021450548606
4.874874874874875,18.01820644530802
4.884884884884885,16.396549264066323
4.894894894894895,18.067416180547973
4.904904904904905,17.97568119466592
4.914914914914915,17.42666378633546
4.924924924924925,16.536252164494638
4.934934934934935,17.443780453172298
4.944944944944945,17.025429402185917
4.954954954954955,18.29426847702668
4.964964964964965,17.971262202186733
4.974974974974975,18.741460963760595
4.984984984984985,16.209992189326137
4.994994994994995,16.145122736226035
5.005005005005005,16.616816900515023
5.015015015015015,17.06591930634976
5.025025025025025,15.246904037683127
5.035035035035035,18.44095748975573
5.045045045045045,16.916166846884686
5.055055055055055,18.17505028842486
5.065065065065065,17.637196602594944
5.075075075075075,18.307239844915934
5.085085085085085,15.581840280837165
5.095095095095095,17.713255324955973
5.105105105105105,16.484090239433414
5.115115115115115,16.341072329608597
5.125125125125125,17.274208557115607
5.135135135135135,17.888868874614076
5.145145145145145,17.662661459285868
5.155155155155155,17.13766924703742
5.165165165165165,18.101981819892238
5.175175175175175,18.21364099764563
5.185185185185185,17.495740298842783
5.195195195195195,15.719512696365237
5.205205205205205,15.719979774351584
5.215215215215215,18.22452312426108
5.225225225225225,16.020333739953077
5.235235235235235,17.03016786396075
5.245245245245245,17.662454317210802
5.255255255255255,16.531143694011043
5.265265265265265,18.298134988459946
5.275275275275275,16.8859456155063
5.285285285285285,17.165995068921656
5.295295295295295,17.43190051999938
5.305305305305305,17.48199863386026
5.315315315315315,16.31351549118012
5.325325325325325,19.067010309878572
5.335335335335335,17.58049750663808
5.345345345345345,17.446106440128606
5.355355355355355,18.877059997674532
5.365365365365365,18.170008804794858
5.375375375375375,18.236808651322892
5.385385385385385,17.887207840489104
5.395395395395395,16.04298890151015
5.405405405405405,16.36445109509788
5.415415415415415,16.96467630380707
5.425425425425425,17.88585889595951
5.435435435435435,18.83532163241196
5.445445445445445,17.622785470589275
5.455455455455455,16.433485494338218
5.465465465465465,17.715648160909634
5.475475475475475,19.594223314162427
5.485485485485485,17.89273161290071
5.495495495495495,17.93431302767522
5.505505505505505,17.82496593593664
5.515515515515515,17.6814445388164
5.525525525525525,17.055493795346813
5.535535535535535,18.838760496670552
5.545545545545545,17.684322123193525
5.555555555555555,18.706854280475266
5.565565565565565,17.879709387170983
5.575575575575575,18.426885578481038
5.585585585585585,18.292153097860048
5.595595595595595,16.689814991048134
5.605605605605605,17.381465967931252
5.615615615615615,18.125311165627366
5.625625625625625,16.57454844247862
5.635635635635635,19.436008205215565
5.645645645645645,16.4297106175912
5.655655655655655,16.74316904382386
5.665665665665665,18.402243326628664
5.675675675675675,18.258718615006554
5.685685685685685,18.37283248857121
5.6956956956956954,19.209577101304053
5.7057057057057055,18.132022700652136
5.7157157157157155,18.29037978716869
5.7257257257257255,18.632917248485313
5.7357357357357355,18.51309945072039
5.7457457457457455,16.08942736966874
5.7557557557557555,16.576023590586797
5.7657657657657655,18.714237050285224
5.7757757757757755,19.239353529649883
5.7857857857857855,17.3593904283742
5.7957957957957955,18.582025998965236
5.8058058058058055,18.616439548398304
5.8158158158158155,17.86453503775327
5.8258258258258255,20.471531433025596
5.8358358358358355,19.560311795092208
5.8458458458458455,18.48844960829975
5.8558558558558556,19.16551508686469
5.865865865865866,18.77537988085284
5.875875875875876,18.39244932547374
5.885885885885886,19.50934911172439
5.895895895895896,18.727371540482917
5.905905905905906,18.566790926245805
5.915915915915916,19.10344255504404
5.925925925925926,18.681803934209203
5.935935935935936,19.64073332181898
5.945945945945946,17.786369054681078
5.955955955955956,18.020750205621102
5.965965965965966,19.2841822585584
5.975975975975976,19.483477576151145
5.985985985985986,20.029141739353243
5.995995995995996,19.010007790437676
6.006006006006006,18.280913028835947
6.016016016016016,19.588093384019654
6.026026026026026,19.25698906344279
6.036036036036036,17.39525286603
6.046046046046046,18.119194077025156
6.056056056056056,19.721624177978647
6.066066066066066,20.69292708761193
6.076076076076076,18.911343611415163
6.086086086086086,18.375867396939555
6.096096096096096,17.917724959095928
6.106106106106106,19.955961883233563
6.116116116116116,17.987231956226466
6.126126126126126,18.36048473359334
6.136136136136136,18.4484172868397
6.146146146146146,20.36763371834753
6.156156156156156,17.59413685526071
6.166166166166166,18.82866788491916
6.176176176176176,20.924629319561802
6.186186186186186,20.30933745005898
6.196196196196196,19.52821572319804
6.206206206206206,20.47472695284466
6.216216216216216,17.894508452390216
6.226226226226226,20.959933914842
6.236236236236236,18.81725959564802
6.246246246246246,19.938939175948544
6.256256256256256,20.688634188696962
6.266266266266266,19.464699360819164
6.276276276276276,19.874634775231097
6.286286286286286,19.350193010098433
6.296296296296296,18.7937527666629
6.306306306306306,18.709780700212914
6.316316316316316,19.7390810832996
6.326326326326326,19.714193483931165
6.336336336336336,18.76845807436579
6.346346346346346,19.19177263043774
6.356356356356356,19.109601682432473
6.366366366366366,18.535668744897634
6.376376376376376,21.67695342998059
6.386386386386386,18.499185005188497
6.396396396396396,20.881013940885815
6.406406406406406,20.907522896339955
6.416416416416417,21.009918573187846
6.426426426426427,19.94569716675023
6.436436436436437,18.334409154126806
6.446446446446447,19.185309093812975
6.456456456456457,22.275310607262906
6.466466466466467,22.26346763378211
6.476476476476477,19.788199939706793
6.486486486486487,19.469486791059975
6.496496496496497,20.471811015981814
6.506506506506507,20.918176372506597
6.516516516516517,19.257846295306525
6.526526526526527,18.269463152106358
6.536536536536537,19.683711729428307
6.546546546546547,21.98598988438521
6.556556556556557,21.3556415406462
6.566566566566567,19.00132311401526
6.576576576576577,18.882751983647122
6.586586586586587,20.281841071189508
6.596596596596597,20.90589924158402
6.606606606606607,19.02544947817384
6.616616616616617,20.97584412434327
6.626626626626627,20.28070931530862
6.636636636636637,19.7957690960392
6.646646646646647,19.674971563303306
6.656656656656657,17.86665057439567
6.666666666666667,20.13248756850696
6.676676676676677,19.679180169941418
6.686686686686687,20.475334843846287
6.696696696696697,20.13042143867759
6.706706706706707,21.047537860268076
6.716716716716717,21.370392737044213
6.726726726726727,18.90759645750087
6.736736736736737,19.014539143616915
6.746746746746747,21.02902490832062
6.756756756756757,20.62233322442899
6.766766766766767,19.691356102300094
6.776776776776777,21.00343192396626
6.786786786786787,20.118688954461213
6.796796796796797,19.744684396020652
6.806806806806807,21.150414847095387
6.816816816816817,18.83789092685379
6.826826826826827,20.29389876243538
6.836836836836837,21.65205442616136
6.846846846846847,20.51171135172959
6.856856856856857,21.436719386128843
6.866866866866867,21.471025442741045
6.876876876876877,19.867136294631266
6.886886886886887,19.49767165882006
6.896896896896897,20.35469069389093
6.906906906906907,21.106284504867556
6.916916916916917,22.03815956367239
6.926926926926927,21.035943728736775
6.936936936936937,20.980132197196646
6.946946946946947,20.509219110248843
6.956956956956957,20.76029059881383
6.966966966966967,21.83500917218409
6.976976976976977,20.339574880308213
6.986986986986987,19.977142447185305
6.996996996996997,22.672631982705294
7.007007007007007,20.328659450424116
7.017017017017017,21.22980228663244
7.027027027027027,22.207620421066157
7.037037037037037,21.02651339537935
7.047047047047047,22.096093665877635
7.057057057057057,20.85588416071001
7.067067067067067,21.293578586805097
7.077077077077077,21.400905798897643
7.087087087087087,20.553914922209312
7.097097097097097,21.54008817830228
7.107107107107107,22.739928384972956
7.117117117117117,21.498425324853084
7.127127127127127,19.46397064170029
7.137137137137137,21.729005128667275
7.147147147147147,18.85127089219376
7.157157157157157,21.199976181421764
7.167167167167167,23.088334590338693
7.177177177177177,21.194933236302596
7.187187187187187,19.03710896632541
7.197197197197197,20.051848456534437
7.207207207207207,20.956043294658027
7.217217217217217,19.77528935805195
7.227227227227227,23.088613693736303
7.237237237237237,21.99682467305633
7.247247247247247,19.568147747606567
7.257257257257257,20.700845346137324
7.267267267267267,22.073205741524625
7.277277277277277,19.860980014118518
7.287287287287287,22.00164262281067
7.297297297297297,22.692259130345587
7.307307307307307,21.67022714907152
7.317317317317317,22.977160872824953
7.327327327327327,21.81508892103023
7.337337337337337,21.645522729445375
7.347347347347347,21.748296243693076
7.357357357357357,21.413464583969148
7.367367367367367,22.53409275977378
7.377377377377377,20.579429062653258
7.387387387387387,22.78128164947085
7.397397397397397,21.087905338736054
7.407407407407407,21.870565576947257
7.4174174174174174,22.947689802606387
7.4274274274274275,22.66163816872338
7.4374374374374375,21.54883917595352
7.4474474474474475,23.17723476536102
7.4574574574574575,22.55260774413609
7.4674674674674675,22.28717488328787
7.4774774774774775,20.86597700255012
7.4874874874874875,23.906186403137717
7.4974974974974975,21.976302195312165
7.5075075075075075,21.86319042858226
7.5175175175175175,20.231399390663263
7.5275275275275275,23.492857269680666
7.5375375375375375,21.859365925485605
7.5475475475475475,22.834405930911146
7.5575575575575575,22.64908327693215
7.5675675675675675,22.014122139850016
7.5775775775775776,22.713185476574147
7.587587587587588,23.514324693625852
7.597597597597598,22.65945594096599
7.607607607607608,21.117192828195112
7.617617617617618,23.673261262971483
7.627627627627628,19.920195873820756
7.637637637637638,20.6210490237028
7.647647647647648,21.045233818577874
7.657657657657658,22.941994963699347
7.667667667667668,23.03566807612685
7.677677677677678,23.139793335949822
7.687687687687688,22.42339957298395
7.697697697697698,22.469704127368068
7.707707707707708,21.584533080667285
7.717717717717718,22.434052110641094
7.727727727727728,22.456858415560095
7.737737737737738,23.33657791290843
7.747747747747748,23.9016997817631
7.757757757757758,23.43694158057872
7.767767767767768,23.133443324381666
7.777777777777778,21.403745931211976
7.787787787787788,20.630212100860657
7.797797797797798,22.20594104696756
7.807807807807808,24.210064166973
7.817817817817818,22.480596254134266
7.827827827827828,23.0422472378286
7.837837837837838,22.002356028869706
7.847847847847848,21.755587557255595
7.857857857857858,22.760560467317514
7.867867867867868,21.154198102502516
7.877877877877878,21.494711680336643
7.887887887887888,22.437593928364084
7.897897897897898,23.509413185381124
7.907907907907908,22.81241316483813
7.917917917917918,21.91580216472649
7.927927927927928,22.69690926579715
7.937937937937938,22.581220719537264
7.947947947947948,23.265956739074575
7.957957957957958,22.06875251348558
7.967967967967968,23.885136829408996
7.977977977977978,22.13825139935163
7.987987987987988,23.774733810986096
7.997997997997998,23.626813527338538
8.008008008008009,22.349244897458878
8.018018018018019,23.117259348165614
8.028028028028029,23.584216319867352
8.038038038038039,23.666407530098116
8.048048048048049,24.861512685370926
8.058058058058059,23.585178519304957
8.068068068068069,23.92540459692281
8.078078078078079,23.10673339443047
8.088088088088089,21.013049215564074
8.098098098098099,22.034941201709778
8.108108108108109,22.332237631583233
8.118118118118119,22.343077880044167
8.128128128128129,24.5401208392542
8.138138138138139,22.89183837030767
8.148148148148149,22.837585024998933
8.158158158158159,23.82562054865571
8.168168168168169,23.12284117051008
8.178178178178179,24.762702992629983
8.188188188188189,23.50403046571693
8.198198198198199,23.72120840135
8.208208208208209,23.255360675231014
8.218218218218219,23.60339993745457
8.228228228228229,23.332366915738614
8.238238238238239,22.672533341855928
8.248248248248249,23.866580200951724
8.258258258258259,22.164741385471697
8.268268268268269,22.38354889906156
8.278278278278279,23.29246094151297
8.288288288288289,23.405393400698554
8.298298298298299,21.98282913081382
8.308308308308309,23.257407859431503
8.318318318318319,24.046001280593533
8.328328328328329,23.0563738131983
8.338338338338339,23.301121532864634
8.348348348348349,22.541114390412577
8.358358358358359,24.049579054229763
8.368368368368369,24.971424593446137
8.378378378378379,23.43398307432869
8.388388388388389,23.734989716796054
8.398398398398399,22.925298270582164
8.408408408408409,24.692476840396395
8.418418418418419,21.11807290544808
8.428428428428429,23.799447928205208
8.438438438438439,23.804017493076202
8.448448448448449,23.434013630353718
8.458458458458459,23.228539822619023
8.468468468468469,24.31263820206996
8.478478478478479,23.261260769994514
8.488488488488489,23.976936760233457
8.498498498498499,23.860963258120943
8.508508508508509,24.297190373709828
8.518518518518519,25.2616607115709
8.528528528528529,24.09853832279119
8.538538538538539,23.947929390253833
8.548548548548549,24.39854143185391
8.558558558558559,23.185033137164282
8.568568568568569,24.458573270581375
8.578578578578579,24.642994919721627
8.588588588588589,23.658731924280865
8.598598598598599,25.457021094376927
8.608608608608609,24.316357281052294
8.618618618618619,24.65982234922204
8.62862862862863,23.853774830491904
8.63863863863864,25.090911185359126
8.64864864864865,25.213337185669022
8.65865865865866,26.23975684773112
8.66866866866867,24.927887286577878
8.67867867867868,25.185771518983444
8.68868868868869,25.37157998978097
8.6986986986987,23.956729157214674
8.70870870870871,25.80758911640467
8.71871871871872,23.686191846205894
8.72872872872873,26.48512474442631
8.73873873873874,24.34326323079512
8.74874874874875,24.948089175354227
8.75875875875876,23.686853592944466
8.76876876876877,26.058934140594797
8.77877877877878,24.143293500276606
8.78878878878879,25.125752644458093
8.7987987987988,26.163987867154027
8.80880880880881,24.310134834754965
8.81881881881882,22.530296320534557
8.82882882882883,24.14257380908715
8.83883883883884,23.406780652761732
8.84884884884885,24.631063279471455
8.85885885885886,25.636569264239803
8.86886886886887,24.49793408535016
8.87887887887888,25.913621931486407
8.88888888888889,26.13538436119686
8.8988988988989,26.1054567811093
8.90890890890891,25.048925480947478
8.91891891891892,23.73367670948836
8.92892892892893,24.256925076610667
8.93893893893894,24.52269493352418
8.94894894894895,24.514552412603226
8.95895895895896,25.881085619925244
8.96896896896897,24.37644696389263
8.97897897897898,26.3103243304329
8.98898898898899,25.784855429433208
8.998998998999,24.98810778036152
9.00900900900901,25.401948393105076
9.01901901901902,24.831529872421427
9.02902902902903,24.455158286639264
9.03903903903904,24.71929591185355
9.04904904904905,23.891972497265503
9.05905905905906,24.955421529180583
9.06906906906907,24.133107474575375
9.07907907907908,23.212289131053062
9.08908908908909,24.37197099593975
9.0990990990991,22.47160629507334
9.10910910910911,26.26619751343219
9.11911911911912,24.828366203345023
9.12912912912913,24.702116124359186
9.13913913913914,24.81644499191398
9.14914914914915,24.598572395497076
9.15915915915916,24.169240026759475
9.16916916916917,25.299449740230322
9.17917917917918,23.21614840833821
9.18918918918919,26.201548128217116
9.1991991991992,25.916903816006577
9.20920920920921,26.067204817123706
9.21921921921922,24.226485089430394
9.22922922922923,26.589961549246603
9.23923923923924,27.49234037001111
9.24924924924925,26.738420876723936
9.25925925925926,26.15735871075917
9.26926926926927,23.41922017555836
9.27927927927928,26.235196448608935
9.28928928928929,26.051807180139896
9.2992992992993,26.670358915807007
9.30930930930931,24.033518946519496
9.31931931931932,24.260522334421726
9.32932932932933,25.872170236068165
9.33933933933934,26.308459173023753
9.34934934934935,26.817034845552122
9.35935935935936,25.577204305235462
9.36936936936937,25.552770578836434
9.37937937937938,26.288263573385706
9.38938938938939,25.473329736723976
9.3993993993994,24.91497320342189
9.40940940940941,25.294165268575792
9.41941941941942,26.235579277908897
9.42942942942943,25.762038176496716
9.43943943943944,26.873012271490488
9.44944944944945,25.508492602126733
9.45945945945946,26.970317278899966
9.46946946946947,24.820198106774132
9.47947947947948,25.689872283787928
9.48948948948949,24.99651573882963
9.4994994994995,25.656447525704422
9.50950950950951,25.656893904196814
9.51951951951952,26.034379708000216
9.52952952952953,27.32852479842441
9.53953953953954,23.730035918146804
9.54954954954955,25.388525664739618
9.55955955955956,26.076915093196707
9.56956956956957,26.972405416593777
9.57957957957958,27.888337834360158
9.58958958958959,27.531647954786852
9.5995995995996,25.075642980641753
9.60960960960961,26.24785839783217
9.61961961961962,26.031286620829107
9.62962962962963,25.608290127168512
9.63963963963964,25.638176391779684
9.64964964964965,27.66925037630562
9.65965965965966,26.022471796483757
9.66966966966967,26.341982479352254
9.67967967967968,26.308430827176977
9.68968968968969,24.379577701418693
9.6996996996997,27.25694519438845
9.70970970970971,25.012497259683027
9.71971971971972,27.677109556102145
9.72972972972973,28.156868734437293
9.73973973973974,27.5951267206643
9.74974974974975,26.473433546614586
9.75975975975976,26.590975441463335
9.76976976976977,27.096951430036587
9.77977977977978,26.71398302158183
9.78978978978979,25.937893922432096
9.7997997997998,27.07235823854948
9.80980980980981,27.92133013633652
9.81981981981982,27.066390584945328
9.82982982982983,27.533416599683285
9.83983983983984,26.48462397890792
9.84984984984985,25.269256834013742
9.85985985985986,26.665060456626122
9.86986986986987,26.413564879357903
9.87987987987988,25.36812130287157
9.88988988988989,26.292034777838758
9.8998998998999,26.193473610486237
9.90990990990991,25.77618477012013
9.91991991991992,26.493654383826907
9.92992992992993,24.687279195409406
9.93993993993994,26.614223709186305
9.94994994994995,26.006685492737574
9.95995995995996,27.449599768933222
9.96996996996997,26.754489317527412
9.97997997997998,26.472818940621096
9.98998998998999,26.25818635945478
10.0,24.53512108604966
